Guirlanda Natal Decorada Nevada Laço Vermelho Enfeite Festão Cor Verde Nevada - Laço Vermelho,"R$
19
,
66",https://www.mercadolivre.com.br/guirlanda-natal-decorada-nevada-laco-vermelho-enfeite-festo-cor-verde-nevada-laco-vermelho/p/MLB28711473#polycard_client=splinter&c_element_order=15&deal_print_id=b1925560-d615-11f0-a11b-dfc2770cc862&L=vitrine-de-ofertas&type=product&c_tracking_id=b1925560-d615-11f0-a11b-dfc2770cc862&c_uid=2222af9c-ad58-3737-84e5-ae30fb1a1cbd&V=15&c_campaign=vitrine-de-ofertas&c_id=%2Fsplinter%2Fcarouseldynamicitem&position=15&c_label=%2Fsplinter%2Fcarouseldynamicitem&c_container_id=not_apply&c_global_position=14&c_element_id=2222af9c-ad58-3737-84e5-ae30fb1a1cbd&wid=MLB3901166969&sid=splinter
Panetone Com Gotas De Chocolate Casa Santa Luzia 500g,"R$
61
,
06
10% OFF",https://www.mercadolivre.com.br/panetone-com-gotas-de-chocolate-casa-santa-luzia-500g/p/MLB27971522#polycard_client=splinter&c_element_order=19&deal_print_id=f761d0a0-d617-11f0-a5c2-2b9e0fe43593&L=ceia-de-natal-completa&type=product&c_tracking_id=f761d0a0-d617-11f0-a5c2-2b9e0fe43593&c_uid=3f68c907-2918-3879-9553-d65d9b2bc17a&V=19&c_campaign=ceia-de-natal-completa&c_id=%2Fsplinter%2Fcarouseldynamicitem&position=19&c_label=%2Fsplinter%2Fcarouseldynamicitem&c_container_id=MLB1184343-1&c_global_position=11&c_element_id=3f68c907-2918-3879-9553-d65d9b2bc17a&wid=MLB4195111348&sid=splinter
"Árvore De Natal Tradicional Pinheiro 2,10m 1490 Galhos Árvore Verde Marca Adoro festa","R$
250
7% OFF",https://www.mercadolivre.com.br/arvore-de-natal-tradicional-pinheiro-210m-1490-galhos-arvore-verde-marca-adoro-festa/p/MLB22768843#polycard_client=splinter&c_element_order=11&deal_print_id=c6030050-d618-11f0-8512-2d6c55323c68&L=vitrine-de-ofertas&type=product&c_tracking_id=c6030050-d618-11f0-8512-2d6c55323c68&c_uid=6ab915a8-15cf-3505-bc69-1beab85a4d1b&V=11&c_campaign=vitrine-de-ofertas&c_id=%2Fsplinter%2Fcarouseldynamicitem&position=11&c_label=%2Fsplinter%2Fcarouseldynamicitem&c_container_id=not_apply&c_global_position=14&c_element_id=6ab915a8-15cf-3505-bc69-1beab85a4d1b&wid=MLB4192008983&sid=splinter
Panettone Chocotone Gotas De Chocolate Lindt 390g,"R$
79
,
90
20% OFF",https://www.mercadolivre.com.br/panettone-chocotone-gotas-de-chocolate-lindt-390g/p/MLB43798068#polycard_client=splinter&c_element_order=1&deal_print_id=171d7ba0-d619-11f0-b6ff-75f7c8e38a15&L=ceia-de-natal-completa&type=product&c_tracking_id=171d7ba0-d619-11f0-b6ff-75f7c8e38a15&c_uid=fd7d8f5e-6bcd-3223-878b-22ed1f3579fe&V=1&c_campaign=ceia-de-natal-completa&c_id=%2Fsplinter%2Fcarouseldynamicitem&position=1&c_label=%2Fsplinter%2Fcarouseldynamicitem&c_container_id=MLB1184343-1&c_global_position=11&c_element_id=fd7d8f5e-6bcd-3223-878b-22ed1f3579fe&wid=MLB3918315697&sid=splinter
Mini Pro5s TWS auriculares,$7.344,https://shopee.com.ar/Mini-Pro5s-TWS-auriculares-i.1615320133.24347202066?extraParams=%7B%22display_model_id%22%3A261757416360%7D
Gafas de Cámara Aurora Ligeras y Duraderas,$2.425,https://shopee.com.ar/Gafas-de-C%C3%A1mara-Aurora-Ligeras-y-Duraderas-i.1615320133.43273573617?extraParams=%7B%22display_model_id%22%3A259009983983%7D
Nuevo reloj inteligente Y68 para Xiaomi,$5.385 - $7.955,https://shopee.com.ar/Nuevo-reloj-inteligente-Y68-para-Xiaomi-i.1615320133.43821543186?extraParams=%7B%22display_model_id%22%3A248958814810%7D
"KZ EDX PRO X Auriculares dinámicos, auriculares de alta fidelidad con graves, cancelación de ruido para música y deportes, compatibles con KZ ZSTX, ZSN, EDC, EDA, ZVX.",$11.926 - $15.206,https://shopee.com.ar/KZ-EDX-PRO-X-Auriculares-din%C3%A1micos-auriculares-de-alta-fidelidad-con-graves-cancelaci%C3%B3n-de-ruido-para-m%C3%BAsica-y-deportes-compatibles-con-KZ-ZSTX-ZSN-EDC-EDA-ZVX.-i.1615320133.41521539078?extraParams=%7B%22display_model_id%22%3A296756459069%7D
Panettone com Gotas de Chocolate ao Leite Bauducco Chocottone Lata 750g,"R$
69
,
99
22% OFF",https://www.mercadolivre.com.br/panettone-com-gotas-de-chocolate-ao-leite-bauducco-chocottone-lata-750g/p/MLB18305059#polycard_client=splinter&c_element_order=9&deal_print_id=f1308e20-d634-11f0-8f68-9beeeda3dc67&L=ceia-de-natal-completa&type=product&c_tracking_id=f1308e20-d634-11f0-8f68-9beeeda3dc67&c_uid=603953c6-9829-39c6-86a1-2bd5a46d4339&V=9&c_campaign=ceia-de-natal-completa&c_id=%2Fsplinter%2Fcarouseldynamicitem&position=9&c_label=%2Fsplinter%2Fcarouseldynamicitem&c_container_id=MLB1184343-1&c_global_position=11&c_element_id=603953c6-9829-39c6-86a1-2bd5a46d4339&wid=MLB4205704992&sid=splinter
Arvore De Natal Verde 180cm 1860 Ramos Ativa Cheios Pé De Ferro Cor Verde,"R$
157
,
17
60% OFF
no Pix",https://www.mercadolivre.com.br/arvore-de-natal-verde-180cm-1860-ramos-ativa-cheios-pe-de-ferro-cor-verde/p/MLB22234448#polycard_client=splinter&c_element_order=6&deal_print_id=fdf264d0-d634-11f0-a5c2-2b9e0fe43593&L=melhores-ofertas-de-natal&type=product&c_tracking_id=fdf264d0-d634-11f0-a5c2-2b9e0fe43593&c_uid=52959467-c512-3d08-8393-4c5629b92856&V=6&c_campaign=melhores-ofertas-de-natal&c_id=%2Fsplinter%2Fcarouseldynamicitem&position=6&c_label=%2Fsplinter%2Fcarouseldynamicitem&c_container_id=MLB1406857-1&c_global_position=5&c_element_id=52959467-c512-3d08-8393-4c5629b92856&wid=MLB5778712048&sid=splinter
Suporte Para Guirlanda Transparente 1uni Cromus Natal,"R$
41
,
20",https://www.mercadolivre.com.br/suporte-para-guirlanda-transparente-1uni-cromus-natal/p/MLB28478660#polycard_client=splinter&c_element_order=20&deal_print_id=0bb38310-d635-11f0-bf59-1d0eb1224c82&L=vitrine-de-ofertas&type=product&c_tracking_id=0bb38310-d635-11f0-bf59-1d0eb1224c82&c_uid=aba01068-88c6-3e7d-be89-66913014d6e9&V=20&c_campaign=vitrine-de-ofertas&c_id=%2Fsplinter%2Fcarouseldynamicitem&position=20&c_label=%2Fsplinter%2Fcarouseldynamicitem&c_container_id=not_apply&c_global_position=14&c_element_id=aba01068-88c6-3e7d-be89-66913014d6e9&wid=MLB4203210953&sid=splinter
Papai Noel Subindo Escada Decoração De Natal 50cm Grande,"R$
75
,
99",https://www.mercadolivre.com.br/papai-noel-subindo-escada-decoraco-de-natal-50cm-grande/p/MLB62446042#polycard_client=splinter&c_element_order=17&deal_print_id=192b3c40-d635-11f0-9830-57afdea306f2&L=vitrine-de-ofertas&type=product&c_tracking_id=192b3c40-d635-11f0-9830-57afdea306f2&c_uid=84f34a45-1bc0-3bdf-a993-a78cba5e247b&V=17&c_campaign=vitrine-de-ofertas&c_id=%2Fsplinter%2Fcarouseldynamicitem&position=17&c_label=%2Fsplinter%2Fcarouseldynamicitem&c_container_id=not_apply&c_global_position=14&c_element_id=84f34a45-1bc0-3bdf-a993-a78cba5e247b&wid=MLB4322000381&sid=splinter
"Cesta De Natal Bauducco Grande Caixa 2,755kg 19 Itens","R$
164
,
99",https://www.mercadolivre.com.br/cesta-de-natal-bauducco-grande-caixa-2755kg-19-itens/p/MLB19813258#polycard_client=splinter&c_element_order=7&deal_print_id=2530a0c0-d635-11f0-a4a8-f7858d985237&L=ceia-de-natal-completa&type=product&c_tracking_id=2530a0c0-d635-11f0-a4a8-f7858d985237&c_uid=1fa83c12-f8b1-3d6f-b6ea-cc05ae5ec8e7&V=7&c_campaign=ceia-de-natal-completa&c_id=%2Fsplinter%2Fcarouseldynamicitem&position=7&c_label=%2Fsplinter%2Fcarouseldynamicitem&c_container_id=MLB1184343-1&c_global_position=11&c_element_id=1fa83c12-f8b1-3d6f-b6ea-cc05ae5ec8e7&wid=MLB5218787188&sid=splinter
"Cesta De Natal Com Panetone E Chocotone Bauducco 1,04kg","R$
84
,
99",https://www.mercadolivre.com.br/cesta-de-natal-com-panetone-e-chocotone-bauducco-104kg/p/MLB28835242#polycard_client=splinter&c_element_order=13&deal_print_id=31c96ba0-d635-11f0-97a0-c91134aaf2d3&L=ceia-de-natal-completa&type=product&c_tracking_id=31c96ba0-d635-11f0-97a0-c91134aaf2d3&c_uid=11e6cdcf-e3d7-39ee-8ccd-d55f1d1f02db&V=13&c_campaign=ceia-de-natal-completa&c_id=%2Fsplinter%2Fcarouseldynamicitem&position=13&c_label=%2Fsplinter%2Fcarouseldynamicitem&c_container_id=MLB1184343-1&c_global_position=11&c_element_id=11e6cdcf-e3d7-39ee-8ccd-d55f1d1f02db&wid=MLB5133607996&sid=splinter
KZ EDX PRO Auriculares,$10.762 - $14.581,https://shopee.com.ar/KZ-EDX-PRO-Auriculares-i.1615320133.29892426951?extraParams=%7B%22display_model_id%22%3A281816228600%7D
Senbenbao A9 Pro auriculares,$13.957,https://shopee.com.ar/Senbenbao-A9-Pro-auriculares-i.1615320133.40922330216?extraParams=%7B%22display_model_id%22%3A196294412663%7D
1 ud Botella rociadora,$7.220 - $9.873,https://shopee.com.ar/1-ud-Botella-rociadora-i.1615320133.24097254564?extraParams=%7B%22display_model_id%22%3A261809556811%7D
